PersonID,FatherID,MotherID,Outside community,Deceased,Sex
2,2010,2007,FALSE,FALSE,Female
6,1,2,FALSE,FALSE,Female
8,60,2013,FALSE,FALSE,Female
10,1,8,FALSE,FALSE,Female
11,2022,2019,FALSE,FALSE,Female
16,21,11,FALSE,FALSE,Female
17,21,11,FALSE,FALSE,Female
18,21,11,FALSE,TRUE,Female
20,21,11,FALSE,FALSE,Female
22,2028,2025,FALSE,TRUE,Female
23,21,22,FALSE,FALSE,Female
24,21,22,FALSE,FALSE,Female
26,2034,2031,FALSE,FALSE,Female
27,21,26,FALSE,FALSE,Female
28,21,26,FALSE,FALSE,Female
29,2002,2003,FALSE,FALSE,Female
34,30,81,FALSE,FALSE,Female
37,2124,2423,TRUE,FALSE,Female
39,642,722,FALSE,FALSE,Female
41,40,39,FALSE,FALSE,Female
42,40,39,FALSE,FALSE,Female
43,2004,29,FALSE,FALSE,Female
45,38,43,FALSE,FALSE,Female
46,44,45,FALSE,FALSE,Female
47,44,45,FALSE,FALSE,Female
48,38,43,FALSE,FALSE,Female
49,38,43,FALSE,FALSE,Female
50,38,43,FALSE,FALSE,Female
51,38,43,FALSE,FALSE,Female
53,2422,61,FALSE,FALSE,Female
54,2014,2048,FALSE,FALSE,Female
59,60,54,FALSE,FALSE,Female
61,2421,43,TRUE,FALSE,Female
63,2004,29,FALSE,FALSE,Female
64,62,63,TRUE,FALSE,Female
67,62,63,FALSE,FALSE,Female
69,62,63,FALSE,FALSE,Female
71,62,63,FALSE,FALSE,Female
72,62,63,FALSE,FALSE,Female
73,2057,2058,FALSE,FALSE,Female
74,2057,2058,TRUE,FALSE,Female
75,2057,2058,FALSE,FALSE,Female
77,682,73,FALSE,FALSE,Female
79,2064,2061,FALSE,FALSE,Female
80,30,81,FALSE,FALSE,Female
81,2070,2067,FALSE,FALSE,Female
82,2076,2073,FALSE,FALSE,Female
84,405,760,FALSE,TRUE,Female
85,83,82,FALSE,FALSE,Female
86,83,82,FALSE,FALSE,Female
90,83,82,FALSE,FALSE,Female
91,83,82,FALSE,FALSE,Female
94,405,760,FALSE,TRUE,Female
95,2091,648,FALSE,FALSE,Female
96,83,95,FALSE,FALSE,Female
98,83,95,FALSE,FALSE,Female
100,83,82,FALSE,TRUE,Female
102,2102,2099,FALSE,FALSE,Female
103,83,102,FALSE,TRUE,Female
104,83,102,FALSE,FALSE,Female
105,83,102,FALSE,FALSE,Female
106,83,102,FALSE,FALSE,Female
107,83,102,FALSE,FALSE,Female
108,83,102,FALSE,FALSE,Female
109,83,102,FALSE,FALSE,Female
112,2004,29,FALSE,FALSE,Female
113,111,112,FALSE,FALSE,Female
114,111,112,FALSE,FALSE,Female
115,111,112,FALSE,FALSE,Female
117,111,112,FALSE,FALSE,Female
119,111,112,FALSE,FALSE,Female
122,2121,2118,FALSE,FALSE,Female
124,666,2362,TRUE,FALSE,Female
126,44,676,FALSE,FALSE,Female
133,9999,9999,TRUE,FALSE,Female
134,9999,9999,TRUE,FALSE,Female
135,9999,9999,TRUE,FALSE,Female
137,267,2136,FALSE,FALSE,Female
140,136,137,FALSE,FALSE,Female
142,2151,2148,FALSE,FALSE,Female
143,141,142,FALSE,FALSE,Female
146,141,142,FALSE,FALSE,Female
148,2151,2148,FALSE,FALSE,Female
149,141,142,FALSE,FALSE,Female
151,2163,969,FALSE,FALSE,Female
153,150,151,TRUE,FALSE,Female
155,150,151,FALSE,FALSE,Female
161,150,151,FALSE,TRUE,Female
163,2174,2171,FALSE,FALSE,Female
164,162,163,FALSE,FALSE,Female
167,162,163,FALSE,FALSE,Female
169,162,163,FALSE,FALSE,Female
170,38,43,FALSE,FALSE,Female
171,162,170,FALSE,FALSE,Female
172,162,170,FALSE,FALSE,Female
173,162,170,FALSE,FALSE,Female
175,38,43,FALSE,FALSE,Female
177,174,175,FALSE,FALSE,Female
180,2188,2185,FALSE,FALSE,Female
181,2194,2191,FALSE,FALSE,Female
184,179,181,FALSE,FALSE,Female
185,179,181,FALSE,FALSE,Female
186,179,181,FALSE,FALSE,Female
188,179,180,FALSE,FALSE,Female
190,179,180,FALSE,FALSE,Female
192,179,180,FALSE,FALSE,Female
194,179,180,FALSE,FALSE,Female
195,2200,2197,FALSE,FALSE,Female
198,2134,2135,FALSE,FALSE,Female
204,197,198,FALSE,FALSE,Female
206,267,268,FALSE,FALSE,Female
207,199,206,FALSE,FALSE,Female
210,2054,2051,FALSE,FALSE,Female
211,209,210,FALSE,FALSE,Female
218,209,210,FALSE,FALSE,Female
222,209,210,FALSE,FALSE,Female
225,2204,2203,FALSE,FALSE,Female
227,666,2362,TRUE,FALSE,Female
228,1,8,FALSE,TRUE,Female
229,1,8,FALSE,TRUE,Female
230,1,686,TRUE,FALSE,Female
232,267,2136,FALSE,FALSE,Female
234,2792,2793,FALSE,TRUE,Female
236,2210,2207,FALSE,FALSE,Female
239,235,236,FALSE,FALSE,Female
240,235,236,FALSE,FALSE,Female
241,235,2213,FALSE,FALSE,Female
242,235,2213,FALSE,FALSE,Female
244,364,2222,FALSE,FALSE,Female
245,243,244,FALSE,TRUE,Female
254,243,244,FALSE,FALSE,Female
255,2231,643,FALSE,FALSE,Female
256,246,255,FALSE,TRUE,Female
257,246,255,FALSE,FALSE,Female
259,258,85,FALSE,FALSE,Female
260,258,85,FALSE,FALSE,Female
261,2240,2237,FALSE,FALSE,Female
262,216,261,FALSE,FALSE,Female
263,216,261,FALSE,FALSE,Female
264,216,261,FALSE,FALSE,Female
265,642,2243,FALSE,FALSE,Female
266,216,265,FALSE,FALSE,Female
268,831,712,FALSE,FALSE,Female
269,267,268,FALSE,FALSE,Female
270,267,268,FALSE,FALSE,Female
271,2478,2479,FALSE,FALSE,Female
272,267,268,FALSE,FALSE,Female
274,267,268,FALSE,FALSE,Female
275,267,2136,FALSE,FALSE,Female
276,267,268,FALSE,FALSE,Female
277,267,268,FALSE,FALSE,Female
279,267,268,FALSE,FALSE,Female
282,267,268,FALSE,TRUE,Female
283,267,268,FALSE,TRUE,Female
285,302,296,FALSE,TRUE,Female
288,2269,303,FALSE,FALSE,Female
289,287,288,FALSE,FALSE,Female
291,287,288,FALSE,FALSE,Female
293,292,269,FALSE,FALSE,Female
294,292,269,FALSE,FALSE,Female
295,292,269,FALSE,FALSE,Female
296,2264,2261,FALSE,FALSE,Female
297,302,296,TRUE,FALSE,Female
299,302,296,FALSE,TRUE,Female
300,302,296,FALSE,FALSE,Female
303,2281,2278,FALSE,FALSE,Female
304,683,303,FALSE,FALSE,Female
306,674,2294,FALSE,FALSE,Female
307,305,306,FALSE,FALSE,Female
308,305,306,FALSE,FALSE,Female
309,674,2294,FALSE,FALSE,Female
310,305,309,FALSE,FALSE,Female
311,305,309,FALSE,FALSE,Female
312,305,309,FALSE,FALSE,Female
313,2303,2300,FALSE,FALSE,Female
316,305,313,FALSE,FALSE,Female
317,305,313,TRUE,FALSE,Female
318,2309,2306,FALSE,FALSE,Female
320,305,318,FALSE,FALSE,Female
323,305,318,FALSE,FALSE,Female
326,2315,2312,FALSE,FALSE,Female
328,324,326,FALSE,FALSE,Female
330,324,326,FALSE,FALSE,Female
335,2321,2318,TRUE,FALSE,Female
336,324,335,TRUE,FALSE,Female
339,2332,2329,FALSE,FALSE,Female
340,338,339,FALSE,FALSE,Female
341,338,339,FALSE,FALSE,Female
344,2338,2335,FALSE,FALSE,Female
346,364,344,FALSE,FALSE,Female
350,364,344,FALSE,FALSE,Female
352,364,365,FALSE,FALSE,Female
353,351,352,TRUE,FALSE,Female
356,351,352,FALSE,FALSE,Female
357,351,352,FALSE,FALSE,Female
358,351,352,FALSE,FALSE,Female
361,2349,2346,TRUE,FALSE,Female
363,351,361,FALSE,FALSE,Female
365,2235,2236,FALSE,FALSE,Female
367,364,365,FALSE,FALSE,Female
368,364,365,FALSE,FALSE,Female
369,302,529,FALSE,TRUE,Female
370,2417,303,FALSE,TRUE,Female
373,302,670,FALSE,TRUE,Female
375,683,303,FALSE,FALSE,Female
376,2359,2356,FALSE,FALSE,Female
377,2377,376,FALSE,FALSE,Female
378,30,81,FALSE,FALSE,Female
379,30,81,FALSE,FALSE,Female
380,2157,2154,FALSE,FALSE,Female
389,2388,2385,FALSE,FALSE,Female
394,483,484,FALSE,FALSE,Female
396,302,296,FALSE,TRUE,Female
425,837,838,FALSE,TRUE,Female
447,2045,2046,FALSE,FALSE,Female
470,2178,2179,TRUE,FALSE,Female
475,364,365,FALSE,FALSE,Female
484,2595,2598,FALSE,FALSE,Female
493,2669,2670,FALSE,FALSE,Female
500,848,847,FALSE,FALSE,Female
506,2814,2817,FALSE,FALSE,Female
508,483,506,FALSE,FALSE,Female
510,483,506,FALSE,FALSE,Female
513,2663,2666,FALSE,FALSE,Female
514,497,897,FALSE,FALSE,Female
522,2807,2810,FALSE,FALSE,Female
525,395,877,FALSE,FALSE,Female
529,2198,2407,FALSE,FALSE,Female
552,642,725,FALSE,FALSE,Female
621,9999,9999,FALSE,FALSE,Female
630,2404,2401,FALSE,FALSE,Female
632,629,630,TRUE,FALSE,Female
637,302,529,FALSE,FALSE,Female
638,634,637,FALSE,FALSE,Female
639,2131,2132,FALSE,FALSE,Female
643,2229,2230,FALSE,FALSE,Female
648,2089,2090,FALSE,FALSE,Female
670,2489,2492,FALSE,FALSE,Female
676,2126,2127,FALSE,FALSE,Female
686,2427,2428,TRUE,FALSE,Female
688,197,198,FALSE,TRUE,Female
690,209,210,FALSE,TRUE,Female
712,2256,2257,FALSE,FALSE,Female
715,9999,9999,FALSE,FALSE,Female
721,136,137,FALSE,FALSE,Female
722,2413,2414,FALSE,FALSE,Female
723,642,722,FALSE,FALSE,Female
724,642,722,FALSE,FALSE,Female
725,2431,2434,FALSE,FALSE,Female
726,642,725,FALSE,FALSE,Female
728,642,725,FALSE,FALSE,Female
729,642,725,FALSE,FALSE,Female
730,2413,2414,FALSE,FALSE,Female
737,44,676,FALSE,FALSE,Female
741,44,676,FALSE,FALSE,Female
744,745,746,FALSE,FALSE,Female
746,2449,2450,FALSE,FALSE,Female
749,9999,9999,FALSE,FALSE,Female
750,550,749,FALSE,FALSE,Female
756,759,2455,FALSE,FALSE,Female
757,755,756,FALSE,FALSE,Female
758,755,756,FALSE,FALSE,Female
760,761,2457,FALSE,FALSE,Female
764,405,760,FALSE,FALSE,Female
768,405,760,FALSE,FALSE,Female
769,405,760,FALSE,FALSE,Female
770,405,760,FALSE,FALSE,Female
772,405,760,FALSE,FALSE,Female
773,774,2463,FALSE,FALSE,Female
776,2126,2127,FALSE,FALSE,Female
777,2126,2127,FALSE,FALSE,Female
781,405,776,FALSE,FALSE,Female
783,405,777,FALSE,FALSE,Female
786,784,153,FALSE,FALSE,Female
787,784,153,FALSE,FALSE,Female
791,792,793,FALSE,FALSE,Female
793,2481,2482,FALSE,FALSE,Female
796,2496,2797,FALSE,FALSE,Female
804,302,670,FALSE,FALSE,Female
807,302,529,FALSE,FALSE,Female
810,302,529,FALSE,FALSE,Female
812,813,2498,FALSE,FALSE,Female
817,815,637,FALSE,FALSE,Female
822,501,522,FALSE,FALSE,Female
823,501,522,FALSE,FALSE,Female
825,2522,2525,FALSE,FALSE,Female
827,501,825,FALSE,FALSE,Female
828,2528,2531,FALSE,FALSE,Female
833,831,712,FALSE,FALSE,Female
836,831,712,FALSE,FALSE,Female
838,2548,2551,FALSE,FALSE,Female
845,849,847,FALSE,FALSE,Female
846,837,845,FALSE,FALSE,Female
847,2559,2562,FALSE,FALSE,Female
853,2571,2574,FALSE,FALSE,Female
854,504,853,FALSE,FALSE,Female
855,504,853,FALSE,FALSE,Female
856,504,853,FALSE,FALSE,Female
857,504,853,FALSE,FALSE,Female
858,504,853,FALSE,FALSE,Female
864,2577,2580,FALSE,FALSE,Female
866,863,864,FALSE,FALSE,Female
867,863,864,FALSE,FALSE,Female
868,2583,2813,FALSE,FALSE,Female
869,483,484,FALSE,TRUE,Female
870,483,484,FALSE,FALSE,Female
872,483,484,FALSE,FALSE,Female
873,483,484,FALSE,FALSE,Female
874,483,484,FALSE,FALSE,Female
876,483,484,FALSE,FALSE,Female
877,494,920,FALSE,FALSE,Female
878,879,394,FALSE,FALSE,Female
883,2610,2613,FALSE,FALSE,Female
885,884,883,FALSE,FALSE,Female
887,884,883,FALSE,FALSE,Female
888,2623,2626,FALSE,FALSE,Female
891,881,888,FALSE,FALSE,Female
893,881,888,FALSE,FALSE,Female
894,2629,2632,FALSE,FALSE,Female
897,2630,2631,FALSE,FALSE,Female
898,899,897,FALSE,FALSE,Female
901,497,897,FALSE,FALSE,Female
905,492,513,FALSE,FALSE,Female
909,492,513,FALSE,FALSE,Female
910,2660,2661,FALSE,FALSE,Female
911,494,493,FALSE,FALSE,Female
912,494,493,FALSE,FALSE,Female
915,494,493,FALSE,FALSE,Female
918,494,493,FALSE,FALSE,Female
919,494,493,FALSE,FALSE,Female
920,2673,2676,FALSE,FALSE,Female
921,494,920,FALSE,FALSE,Female
922,494,920,FALSE,FALSE,Female
924,494,920,FALSE,FALSE,Female
925,494,920,FALSE,FALSE,Female
926,494,920,FALSE,TRUE,Female
927,494,920,FALSE,FALSE,Female
928,494,920,FALSE,FALSE,Female
931,932,2681,FALSE,FALSE,Female
933,2684,2687,FALSE,FALSE,Female
934,2690,2693,FALSE,FALSE,Female
937,798,126,FALSE,FALSE,Female
938,182,195,FALSE,FALSE,Female
939,182,195,FALSE,FALSE,Female
942,943,2707,FALSE,FALSE,Female
945,2710,946,FALSE,FALSE,Female
946,2713,2714,FALSE,FALSE,Female
950,951,2723,FALSE,FALSE,Female
952,957,2726,FALSE,FALSE,Female
953,1005,2785,FALSE,FALSE,Female
954,2744,2747,FALSE,FALSE,Female
955,978,2761,FALSE,FALSE,Female
956,60,2013,FALSE,FALSE,Female
958,83,95,FALSE,FALSE,Female
962,2732,2735,FALSE,FALSE,Female
963,141,142,FALSE,FALSE,Female
966,152,67,FALSE,FALSE,Female
967,152,67,FALSE,FALSE,Female
968,152,75,FALSE,FALSE,Female
969,2161,2162,TRUE,FALSE,Female
970,2738,2741,FALSE,FALSE,Female
971,217,225,FALSE,FALSE,Female
973,974,218,FALSE,FALSE,Female
977,979,955,FALSE,FALSE,Female
980,258,376,FALSE,FALSE,Female
984,2273,2274,FALSE,FALSE,Female
985,302,296,FALSE,FALSE,Female
989,2775,953,FALSE,FALSE,Female
996,2776,2779,FALSE,FALSE,Female
1000,38,43,FALSE,FALSE,Female
1001,78,79,FALSE,FALSE,Female
1002,78,79,FALSE,FALSE,Female
1006,2786,2787,FALSE,FALSE,Female
1007,1005,2785,FALSE,FALSE,Female
1011,351,352,FALSE,FALSE,Female
2003,2037,2038,FALSE,FALSE,Female
2006,9999,9999,FALSE,FALSE,Female
2007,2008,2009,FALSE,FALSE,Female
2009,9999,9999,FALSE,FALSE,Female
2012,9999,9999,FALSE,FALSE,Female
2013,2014,2015,FALSE,FALSE,Female
2015,9999,9999,FALSE,FALSE,Female
2018,9999,9999,FALSE,FALSE,Female
2019,2020,2021,FALSE,FALSE,Female
2021,9999,9999,FALSE,FALSE,Female
2024,9999,9999,FALSE,FALSE,Female
2025,2026,2027,FALSE,FALSE,Female
2027,9999,9999,FALSE,FALSE,Female
2030,9999,9999,FALSE,FALSE,Female
2031,2032,2033,FALSE,FALSE,Female
2033,9999,9999,FALSE,FALSE,Female
2036,9999,9999,FALSE,FALSE,Female
2038,9999,9999,FALSE,FALSE,Female
2040,9999,9999,FALSE,FALSE,Female
2046,9999,9999,FALSE,FALSE,Female
2048,2411,2050,FALSE,FALSE,Female
2050,9999,9999,FALSE,FALSE,Female
2051,2052,2053,FALSE,FALSE,Female
2053,9999,9999,FALSE,FALSE,Female
2056,9999,9999,FALSE,FALSE,Female
2058,9999,9999,FALSE,TRUE,Female
2061,2062,2063,TRUE,FALSE,Female
2063,9999,9999,TRUE,FALSE,Female
2066,9999,9999,TRUE,FALSE,Female
2067,2068,2069,FALSE,FALSE,Female
2069,9999,9999,FALSE,FALSE,Female
2072,9999,9999,FALSE,FALSE,Female
2073,2074,2075,FALSE,FALSE,Female
2075,9999,9999,FALSE,FALSE,Female
2078,9999,9999,FALSE,FALSE,Female
2079,2005,2081,FALSE,FALSE,Female
2081,9999,9999,FALSE,FALSE,Female
2084,9999,9999,FALSE,FALSE,Female
2085,2086,2087,FALSE,FALSE,Female
2087,9999,9999,FALSE,FALSE,Female
2090,9999,9999,FALSE,FALSE,Female
2093,9999,9999,FALSE,FALSE,Female
2094,2095,2096,FALSE,TRUE,Female
2096,9999,9999,FALSE,FALSE,Female
2098,9999,9999,FALSE,FALSE,Female
2099,2100,2101,FALSE,FALSE,Female
2101,9999,9999,FALSE,FALSE,Female
2104,9999,9999,FALSE,FALSE,Female
2105,2106,2107,FALSE,FALSE,Female
2107,9999,9999,FALSE,FALSE,Female
2110,9999,9999,FALSE,FALSE,Female
2111,2112,2113,FALSE,FALSE,Female
2113,9999,9999,FALSE,FALSE,Female
2116,9999,9999,FALSE,FALSE,Female
2118,2119,2110,FALSE,FALSE,Female
2120,9999,9999,FALSE,FALSE,Female
2123,9999,9999,FALSE,FALSE,Female
2127,2443,2444,FALSE,FALSE,Female
2129,9999,9999,FALSE,FALSE,Female
2132,2393,2394,FALSE,FALSE,Female
2135,9999,9999,FALSE,FALSE,Female
2136,2137,2138,FALSE,FALSE,Female
2138,9999,9999,FALSE,FALSE,Female
2141,2250,2251,FALSE,FALSE,Female
2142,2143,2144,TRUE,FALSE,Female
2144,9999,9999,FALSE,FALSE,Female
2147,9999,9999,FALSE,FALSE,Female
2148,2149,2150,TRUE,FALSE,Female
2150,9999,9999,FALSE,FALSE,Female
2153,9999,9999,FALSE,FALSE,Female
2154,2155,2156,TRUE,FALSE,Female
2156,2005,2081,FALSE,FALSE,Female
2159,9999,9999,FALSE,FALSE,Female
2162,9999,9999,FALSE,FALSE,Female
2165,9999,9999,FALSE,FALSE,Female
2166,2146,2167,FALSE,TRUE,Female
2167,9999,9999,FALSE,FALSE,Female
2170,9999,9999,FALSE,FALSE,Female
2171,2172,2173,FALSE,FALSE,Female
2173,9999,9999,FALSE,FALSE,Female
2176,9999,9999,FALSE,FALSE,Female
2179,9999,9999,FALSE,FALSE,Female
2182,9999,9999,FALSE,FALSE,Female
2183,9999,9999,FALSE,FALSE,Female
2184,2180,2183,TRUE,FALSE,Female
2185,2186,2187,FALSE,FALSE,Female
2187,9999,9999,FALSE,FALSE,Female
2190,9999,9999,FALSE,FALSE,Female
2191,2192,2193,FALSE,FALSE,Female
2193,9999,9999,FALSE,FALSE,Female
2196,9999,9999,FALSE,FALSE,Female
2197,2198,639,FALSE,FALSE,Female
2202,9999,9999,FALSE,FALSE,Female
2203,2010,2007,FALSE,FALSE,Female
2206,9999,9999,FALSE,FALSE,Female
2207,2208,2209,FALSE,FALSE,Female
2209,9999,9999,FALSE,FALSE,Female
2212,9999,9999,FALSE,FALSE,Female
2213,2214,2215,FALSE,FALSE,Female
2215,9999,9999,FALSE,FALSE,Female
2216,2217,2218,FALSE,FALSE,Female
2218,9999,9999,FALSE,FALSE,Female
2221,9999,9999,FALSE,FALSE,Female
2222,2223,2224,FALSE,FALSE,Female
2224,9999,9999,FALSE,FALSE,Female
2230,9999,9999,FALSE,FALSE,Female
2233,9999,9999,FALSE,FALSE,Female
2236,9999,9999,FALSE,FALSE,Female
2237,2238,2239,FALSE,FALSE,Female
2239,9999,9999,FALSE,FALSE,Female
2242,9999,9999,FALSE,FALSE,Female
2243,2244,2245,FALSE,FALSE,Female
2245,9999,9999,FALSE,FALSE,Female
2248,9999,9999,FALSE,FALSE,Female
2251,9999,9999,FALSE,FALSE,Female
2254,9999,9999,FALSE,FALSE,Female
2257,2534,2535,FALSE,FALSE,Female
2260,2540,2541,FALSE,FALSE,Female
2261,2262,2263,FALSE,FALSE,Female
2263,9999,9999,FALSE,FALSE,Female
2266,9999,9999,FALSE,FALSE,Female
2271,9999,9999,FALSE,FALSE,Female
2274,9999,9999,FALSE,FALSE,Female
2277,9999,9999,FALSE,FALSE,Female
2278,2279,2280,FALSE,FALSE,Female
2280,9999,9999,FALSE,FALSE,Female
2283,9999,9999,FALSE,FALSE,Female
2290,9999,9999,FALSE,FALSE,Female
2291,2292,2293,FALSE,FALSE,Female
2293,9999,9999,FALSE,FALSE,Female
2294,2295,2296,FALSE,FALSE,Female
2296,9999,9999,FALSE,FALSE,Female
2299,9999,9999,FALSE,FALSE,Female
2300,2301,2302,FALSE,FALSE,Female
2302,9999,9999,FALSE,FALSE,Female
2305,9999,9999,FALSE,FALSE,Female
2306,2307,2308,FALSE,FALSE,Female
2308,9999,9999,FALSE,FALSE,Female
2311,9999,9999,FALSE,FALSE,Female
2312,2313,2314,FALSE,FALSE,Female
2314,9999,9999,FALSE,FALSE,Female
2317,9999,9999,FALSE,FALSE,Female
2318,2319,2320,FALSE,FALSE,Female
2320,9999,9999,FALSE,FALSE,Female
2323,9999,9999,FALSE,FALSE,Female
2324,2325,2326,FALSE,FALSE,Female
2326,9999,9999,FALSE,FALSE,Female
2329,2330,2331,FALSE,FALSE,Female
2331,9999,9999,FALSE,FALSE,Female
2334,9999,9999,FALSE,FALSE,Female
2335,2336,2337,FALSE,FALSE,Female
2337,9999,9999,FALSE,FALSE,Female
2340,9999,9999,FALSE,FALSE,Female
2341,2342,2343,FALSE,FALSE,Female
2343,9999,9999,FALSE,FALSE,Female
2345,9999,9999,FALSE,FALSE,Female
2346,2347,2348,FALSE,FALSE,Female
2348,9999,9999,FALSE,FALSE,Female
2351,9999,9999,FALSE,FALSE,Female
2354,9999,9999,FALSE,FALSE,Female
2355,9999,9999,FALSE,FALSE,Female
2356,2357,2358,FALSE,FALSE,Female
2358,9999,9999,FALSE,FALSE,Female
2361,9999,9999,FALSE,FALSE,Female
2362,2363,2364,FALSE,FALSE,Female
2364,9999,9999,FALSE,FALSE,Female
2366,9999,9999,FALSE,FALSE,Female
2367,9999,9999,FALSE,FALSE,Female
2368,2369,2370,FALSE,FALSE,Female
2370,9999,9999,FALSE,FALSE,Female
2373,9999,9999,FALSE,FALSE,Female
2374,2375,2376,FALSE,FALSE,Female
2376,9999,9999,FALSE,FALSE,Female
2379,9999,9999,FALSE,FALSE,Female
2380,2381,2382,FALSE,FALSE,Female
2382,9999,9999,FALSE,FALSE,Female
2384,9999,9999,FALSE,FALSE,Female
2385,2386,2387,FALSE,FALSE,Female
2387,9999,9999,FALSE,FALSE,Female
2390,9999,9999,FALSE,FALSE,Female
2392,9999,9999,FALSE,FALSE,Female
2394,9999,9999,FALSE,FALSE,Female
2395,2396,2397,FALSE,FALSE,Female
2397,9999,9999,FALSE,FALSE,Female
2400,9999,9999,FALSE,FALSE,Female
2401,2402,2403,FALSE,FALSE,Female
2403,9999,9999,FALSE,FALSE,Female
2406,9999,9999,FALSE,FALSE,Female
2407,9999,9999,FALSE,FALSE,Female
2410,9999,9999,FALSE,FALSE,Female
2414,9999,9999,FALSE,FALSE,Female
2418,2419,2420,FALSE,FALSE,Female
2420,9999,9999,FALSE,FALSE,Female
2423,2424,2425,FALSE,FALSE,Female
2425,9999,9999,FALSE,FALSE,Female
2428,9999,9999,TRUE,FALSE,Female
2430,9999,9999,FALSE,FALSE,Female
2433,9999,9999,FALSE,FALSE,Female
2434,2435,2436,FALSE,FALSE,Female
2436,9999,9999,FALSE,FALSE,Female
2439,9999,9999,FALSE,FALSE,Female
2440,2441,2442,FALSE,FALSE,Female
2442,9999,9999,FALSE,FALSE,Female
2444,9999,9999,FALSE,FALSE,Female
2446,9999,9999,FALSE,FALSE,Female
2448,9999,9999,FALSE,FALSE,Female
2450,9999,9999,FALSE,FALSE,Female
2452,9999,9999,FALSE,FALSE,Female
2454,9999,9999,FALSE,FALSE,Female
2455,2453,2454,FALSE,FALSE,Female
2457,2458,2459,FALSE,FALSE,Female
2459,9999,9999,FALSE,FALSE,Female
2460,9999,9999,FALSE,FALSE,Female
2462,9999,9999,FALSE,FALSE,Female
2463,2464,2465,FALSE,FALSE,Female
2465,9999,9999,FALSE,FALSE,Female
2468,9999,9999,FALSE,FALSE,Female
2470,9999,9999,FALSE,FALSE,Female
2471,2469,2470,FALSE,FALSE,Female
2473,2474,2475,FALSE,FALSE,Female
2475,9999,9999,FALSE,FALSE,Female
2476,9999,9999,FALSE,FALSE,Female
2479,9999,9999,FALSE,FALSE,Female
2482,9999,9999,FALSE,FALSE,Female
2485,9999,9999,FALSE,FALSE,Female
2486,2487,2488,FALSE,FALSE,Female
2488,9999,9999,FALSE,FALSE,Female
2491,9999,9999,FALSE,FALSE,Female
2492,2466,2493,FALSE,FALSE,Female
2493,9999,9999,FALSE,FALSE,Female
2495,9999,9999,FALSE,FALSE,Female
2497,9999,9999,FALSE,FALSE,Female
2498,2496,2497,FALSE,FALSE,Female
2500,9999,9999,FALSE,FALSE,Female
2501,2502,2503,FALSE,FALSE,Female
2503,9999,9999,FALSE,FALSE,Female
2506,9999,9999,FALSE,FALSE,Female
2507,2508,2509,FALSE,FALSE,Female
2509,9999,9999,FALSE,FALSE,Female
2512,9999,9999,FALSE,FALSE,Female
2513,2514,2515,FALSE,FALSE,Female
2515,9999,9999,FALSE,FALSE,Female
2518,9999,9999,FALSE,FALSE,Female
2519,2520,2521,FALSE,FALSE,Female
2521,9999,9999,FALSE,FALSE,Female
2524,9999,9999,FALSE,FALSE,Female
2525,2526,2527,FALSE,FALSE,Female
2527,9999,9999,FALSE,FALSE,Female
2530,9999,9999,FALSE,FALSE,Female
2531,2532,2533,FALSE,FALSE,Female
2533,9999,9999,FALSE,FALSE,Female
2535,9999,9999,FALSE,FALSE,Female
2537,9999,9999,FALSE,FALSE,Female
2539,9999,9999,FALSE,FALSE,Female
2541,9999,9999,FALSE,FALSE,Female
2544,9999,9999,FALSE,FALSE,Female
2550,9999,9999,FALSE,FALSE,Female
2551,2552,2553,FALSE,FALSE,Female
2553,9999,9999,FALSE,FALSE,Female
2555,9999,9999,FALSE,FALSE,Female
2558,9999,9999,FALSE,FALSE,Female
2561,9999,9999,FALSE,FALSE,Female
2562,2563,2564,FALSE,FALSE,Female
2564,9999,9999,FALSE,FALSE,Female
2567,9999,9999,FALSE,FALSE,Female
2568,2569,2570,FALSE,FALSE,Female
2570,9999,9999,FALSE,FALSE,Female
2573,9999,9999,FALSE,FALSE,Female
2574,2575,2576,FALSE,FALSE,Female
2576,9999,9999,FALSE,FALSE,Female
2579,9999,9999,FALSE,FALSE,Female
2580,2581,2582,FALSE,FALSE,Female
2582,9999,9999,FALSE,FALSE,Female
2586,9999,9999,FALSE,FALSE,Female
2587,9999,9999,FALSE,FALSE,Female
2589,9999,9999,FALSE,FALSE,Female
2591,9999,9999,FALSE,FALSE,Female
2592,2593,2594,FALSE,FALSE,Female
2594,9999,9999,FALSE,FALSE,Female
2597,9999,9999,FALSE,FALSE,Female
2598,2599,2600,FALSE,FALSE,Female
2600,9999,9999,FALSE,FALSE,Female
2602,9999,9999,FALSE,FALSE,Female
2603,2604,2605,FALSE,FALSE,Female
2605,9999,9999,FALSE,FALSE,Female
2608,9999,9999,FALSE,FALSE,Female
2609,2108,2105,FALSE,FALSE,Female
2612,9999,9999,FALSE,FALSE,Female
2613,2614,2615,FALSE,FALSE,Female
2615,9999,9999,FALSE,FALSE,Female
2618,9999,9999,FALSE,FALSE,Female
2619,2620,2621,FALSE,FALSE,Female
2621,9999,9999,FALSE,FALSE,Female
2625,9999,9999,FALSE,FALSE,Female
2626,2627,2628,FALSE,FALSE,Female
2628,9999,9999,FALSE,FALSE,Female
2631,9999,9999,FALSE,FALSE,Female
2632,2633,2634,FALSE,FALSE,Female
2634,9999,9999,FALSE,FALSE,Female
2636,9999,9999,FALSE,FALSE,Female
2638,2639,2640,FALSE,FALSE,Female
2640,9999,9999,FALSE,FALSE,Female
2643,9999,9999,FALSE,FALSE,Female
2644,2645,2646,FALSE,FALSE,Female
2646,9999,9999,FALSE,FALSE,Female
2649,9999,9999,FALSE,FALSE,Female
2650,2651,2652,FALSE,FALSE,Female
2652,9999,9999,FALSE,FALSE,Female
2655,9999,9999,FALSE,FALSE,Female
2656,2657,2658,FALSE,FALSE,Female
2658,9999,9999,FALSE,FALSE,Female
2661,9999,9999,FALSE,FALSE,Female
2662,9999,9999,FALSE,FALSE,Female
2665,9999,9999,FALSE,FALSE,Female
2666,2667,2668,FALSE,FALSE,Female
2668,9999,9999,FALSE,FALSE,Female
2670,2671,2672,FALSE,FALSE,Female
2672,9999,9999,FALSE,FALSE,Female
2675,9999,9999,FALSE,FALSE,Female
2676,2677,2678,FALSE,FALSE,Female
2678,9999,9999,FALSE,FALSE,Female
2680,9999,9999,FALSE,FALSE,Female
2681,2682,2683,FALSE,FALSE,Female
2683,9999,9999,FALSE,FALSE,Female
2686,9999,9999,FALSE,FALSE,Female
2687,2688,2689,FALSE,FALSE,Female
2689,9999,9999,FALSE,FALSE,Female
2692,9999,9999,FALSE,FALSE,Female
2693,2694,2695,FALSE,FALSE,Female
2695,9999,9999,FALSE,FALSE,Female
2698,9999,9999,FALSE,FALSE,Female
2706,9999,9999,FALSE,FALSE,Female
2707,2708,2709,FALSE,FALSE,Female
2709,9999,9999,FALSE,FALSE,Female
2712,9999,9999,FALSE,FALSE,Female
2714,9999,9999,FALSE,FALSE,Female
2717,9999,9999,FALSE,FALSE,Female
2718,2719,2720,FALSE,FALSE,Female
2720,9999,9999,FALSE,FALSE,Female
2722,9999,9999,FALSE,FALSE,Female
2723,2729,2733,FALSE,FALSE,Female
2725,9999,9999,FALSE,FALSE,Female
2726,2727,2728,FALSE,FALSE,Female
2728,9999,9999,FALSE,FALSE,Female
2731,9999,9999,FALSE,FALSE,Female
2733,9999,9999,FALSE,FALSE,Female
2735,2736,2737,FALSE,FALSE,Female
2737,9999,9999,FALSE,FALSE,Female
2740,9999,9999,FALSE,FALSE,Female
2741,2742,2743,FALSE,FALSE,Female
2743,9999,9999,FALSE,FALSE,Female
2746,9999,9999,FALSE,FALSE,Female
2747,2748,2749,FALSE,FALSE,Female
2749,9999,9999,FALSE,FALSE,Female
2755,9999,9999,FALSE,FALSE,Female
2756,2757,2758,FALSE,FALSE,Female
2758,9999,9999,FALSE,FALSE,Female
2760,9999,9999,FALSE,FALSE,Female
2761,2762,2763,FALSE,FALSE,Female
2763,9999,9999,FALSE,FALSE,Female
2766,9999,9999,FALSE,FALSE,Female
2767,2768,2769,FALSE,FALSE,Female
2769,9999,9999,FALSE,FALSE,Female
2770,9999,9999,FALSE,FALSE,Female
2771,2140,2141,FALSE,FALSE,Female
2774,9999,9999,FALSE,FALSE,Female
2778,9999,9999,FALSE,FALSE,Female
2779,2781,2780,FALSE,FALSE,Female
2780,9999,9999,FALSE,FALSE,Female
2784,9999,9999,FALSE,FALSE,Female
2785,2786,2787,FALSE,FALSE,Female
2787,9999,9999,FALSE,FALSE,Female
2789,9999,9999,FALSE,FALSE,Female
2790,2467,2468,FALSE,FALSE,Female
2791,2456,2460,FALSE,FALSE,Female
2793,9999,9999,FALSE,FALSE,Female
2794,9999,9999,FALSE,FALSE,Female
2797,9999,9999,FALSE,FALSE,Female
2798,9999,9999,FALSE,FALSE,Female
2800,9999,9999,FALSE,FALSE,Female
2801,9999,9999,FALSE,FALSE,Female
2803,2080,2589,FALSE,FALSE,Female
2806,9999,9999,FALSE,FALSE,Female
2809,9999,9999,FALSE,FALSE,Female
2810,2811,2812,FALSE,FALSE,Female
2812,9999,9999,FALSE,FALSE,Female
2813,2585,2586,FALSE,FALSE,Female
2816,9999,9999,FALSE,FALSE,Female
2817,2818,2819,FALSE,FALSE,Female
2819,9999,9999,FALSE,FALSE,Female
1,2004,29,FALSE,FALSE,Male
3,1,2,FALSE,FALSE,Male
4,1,2,FALSE,FALSE,Male
5,1,2,FALSE,FALSE,Male
7,1,2,FALSE,FALSE,Male
9,1,8,FALSE,FALSE,Male
12,21,11,FALSE,FALSE,Male
13,21,11,FALSE,FALSE,Male
14,21,11,FALSE,FALSE,Male
15,21,11,FALSE,FALSE,Male
19,21,11,FALSE,FALSE,Male
21,2004,29,FALSE,FALSE,Male
25,642,722,FALSE,TRUE,Male
30,2004,29,FALSE,TRUE,Male
31,30,81,FALSE,FALSE,Male
32,642,725,FALSE,TRUE,Male
33,30,447,FALSE,FALSE,Male
38,2042,2418,FALSE,FALSE,Male
40,38,43,FALSE,FALSE,Male
44,2128,2129,FALSE,TRUE,Male
52,38,43,FALSE,FALSE,Male
55,60,54,TRUE,FALSE,Male
56,60,54,TRUE,FALSE,Male
57,60,54,TRUE,FALSE,Male
58,60,54,TRUE,FALSE,Male
60,2017,2018,TRUE,FALSE,Male
62,2054,2051,FALSE,FALSE,Male
65,62,63,FALSE,FALSE,Male
66,62,63,FALSE,FALSE,Male
68,62,63,FALSE,FALSE,Male
70,62,63,FALSE,FALSE,Male
76,2057,2058,FALSE,FALSE,Male
78,30,81,FALSE,FALSE,Male
83,2082,2079,FALSE,FALSE,Male
87,83,82,FALSE,FALSE,Male
88,83,82,FALSE,FALSE,Male
89,83,82,FALSE,FALSE,Male
92,83,82,FALSE,FALSE,Male
93,2076,2085,FALSE,FALSE,Male
97,83,95,FALSE,FALSE,Male
99,83,95,FALSE,FALSE,Male
101,666,2094,FALSE,FALSE,Male
110,83,102,FALSE,TRUE,Male
111,2108,2105,FALSE,FALSE,Male
116,111,112,FALSE,FALSE,Male
118,111,112,FALSE,FALSE,Male
120,2114,2111,FALSE,FALSE,Male
121,2117,2120,FALSE,FALSE,Male
125,30,447,FALSE,FALSE,Male
127,44,676,FALSE,FALSE,Male
128,125,126,FALSE,FALSE,Male
129,9999,9999,TRUE,FALSE,Male
130,9999,9999,TRUE,FALSE,Male
131,9999,9999,TRUE,FALSE,Male
132,9999,9999,TRUE,FALSE,Male
136,197,198,FALSE,FALSE,Male
138,136,137,FALSE,FALSE,Male
139,136,137,FALSE,FALSE,Male
141,2145,2142,FALSE,FALSE,Male
144,141,142,FALSE,FALSE,Male
145,141,142,FALSE,FALSE,Male
147,141,142,FALSE,FALSE,Male
150,2157,2154,FALSE,FALSE,Male
152,150,151,FALSE,FALSE,Male
154,150,151,FALSE,FALSE,Male
156,150,151,FALSE,FALSE,Male
157,150,151,FALSE,FALSE,Male
158,150,151,FALSE,FALSE,Male
159,150,151,FALSE,FALSE,Male
160,150,151,FALSE,TRUE,Male
162,612,2166,FALSE,FALSE,Male
165,162,163,FALSE,FALSE,Male
166,162,163,FALSE,FALSE,Male
168,162,163,FALSE,FALSE,Male
174,2180,470,FALSE,FALSE,Male
176,174,175,FALSE,FALSE,Male
178,2426,2184,FALSE,FALSE,Male
179,2131,2132,FALSE,FALSE,Male
182,179,181,FALSE,FALSE,Male
183,179,181,FALSE,FALSE,Male
187,179,181,FALSE,FALSE,Male
189,179,180,FALSE,FALSE,Male
191,179,180,FALSE,FALSE,Male
193,179,180,FALSE,FALSE,Male
196,182,195,FALSE,FALSE,Male
197,2131,2132,FALSE,FALSE,Male
199,197,198,FALSE,FALSE,Male
200,197,198,FALSE,FALSE,Male
201,197,198,FALSE,FALSE,Male
202,197,198,FALSE,FALSE,Male
203,197,198,FALSE,FALSE,Male
205,197,198,FALSE,FALSE,Male
208,199,206,FALSE,FALSE,Male
209,2082,2079,FALSE,FALSE,Male
212,209,210,FALSE,TRUE,Male
216,209,210,FALSE,FALSE,Male
217,209,210,FALSE,FALSE,Male
219,209,210,FALSE,FALSE,Male
220,209,210,FALSE,FALSE,Male
221,209,210,FALSE,FALSE,Male
223,209,210,FALSE,FALSE,Male
224,209,210,FALSE,FALSE,Male
226,217,225,FALSE,FALSE,Male
231,30,81,FALSE,FALSE,Male
235,38,380,FALSE,FALSE,Male
237,235,236,FALSE,FALSE,Male
238,235,236,FALSE,FALSE,Male
243,620,2216,FALSE,FALSE,Male
246,243,244,FALSE,FALSE,Male
247,243,244,FALSE,FALSE,Male
248,243,244,FALSE,FALSE,Male
249,243,244,FALSE,FALSE,Male
250,243,244,FALSE,FALSE,Male
251,243,244,FALSE,FALSE,Male
252,243,244,FALSE,FALSE,Male
253,243,244,FALSE,FALSE,Male
258,364,365,FALSE,FALSE,Male
267,2140,2141,FALSE,FALSE,Male
273,267,268,FALSE,FALSE,Male
278,267,268,FALSE,FALSE,Male
280,267,268,FALSE,TRUE,Male
281,267,268,FALSE,TRUE,Male
284,2799,2800,FALSE,FALSE,Male
287,2264,2261,FALSE,FALSE,Male
290,287,288,FALSE,FALSE,Male
292,2275,984,FALSE,FALSE,Male
298,302,296,FALSE,FALSE,Male
301,302,296,FALSE,FALSE,Male
302,2383,2380,FALSE,FALSE,Male
305,2288,2291,FALSE,FALSE,Male
314,305,313,TRUE,FALSE,Male
315,305,313,TRUE,FALSE,Male
319,305,318,FALSE,FALSE,Male
321,305,318,FALSE,FALSE,Male
322,305,318,FALSE,FALSE,Male
324,2288,2291,FALSE,FALSE,Male
327,324,326,FALSE,FALSE,Male
329,324,326,FALSE,FALSE,Male
331,324,326,FALSE,FALSE,Male
332,324,326,FALSE,FALSE,Male
333,324,326,FALSE,FALSE,Male
334,324,326,FALSE,FALSE,Male
337,324,335,TRUE,FALSE,Male
338,2327,2324,FALSE,FALSE,Male
342,2327,2324,FALSE,FALSE,Male
343,2327,2324,FALSE,FALSE,Male
345,511,514,FALSE,TRUE,Male
347,2416,346,FALSE,TRUE,Male
348,364,344,FALSE,FALSE,Male
349,364,344,FALSE,FALSE,Male
351,2344,2341,FALSE,FALSE,Male
354,351,352,FALSE,FALSE,Male
355,351,352,FALSE,FALSE,Male
360,351,352,FALSE,FALSE,Male
362,351,361,FALSE,FALSE,Male
364,2226,715,FALSE,TRUE,Male
366,364,365,FALSE,FALSE,Male
371,2352,303,FALSE,FALSE,Male
372,2417,303,FALSE,TRUE,Male
381,38,380,FALSE,FALSE,Male
382,2371,2368,FALSE,FALSE,Male
383,382,236,FALSE,FALSE,Male
384,382,236,FALSE,FALSE,Male
385,382,236,FALSE,FALSE,Male
390,267,2136,FALSE,TRUE,Male
391,267,2136,FALSE,FALSE,Male
392,267,2136,FALSE,TRUE,Male
395,483,484,FALSE,FALSE,Male
397,501,825,FALSE,TRUE,Male
399,501,828,FALSE,TRUE,Male
405,2466,2471,FALSE,FALSE,Male
418,501,522,FALSE,FALSE,Male
420,2140,2141,FALSE,FALSE,Male
426,837,838,FALSE,TRUE,Male
428,837,838,FALSE,TRUE,Male
449,2157,2154,FALSE,TRUE,Male
469,2180,470,FALSE,FALSE,Male
483,2226,2592,FALSE,FALSE,Male
492,497,910,FALSE,FALSE,Male
494,497,910,FALSE,FALSE,Male
497,2653,2656,FALSE,FALSE,Male
501,2504,2507,FALSE,FALSE,Male
504,2288,2291,FALSE,FALSE,Male
507,483,506,FALSE,FALSE,Male
511,2696,934,FALSE,FALSE,Male
539,642,722,FALSE,FALSE,Male
549,642,722,FALSE,FALSE,Male
550,642,725,FALSE,FALSE,Male
604,494,493,FALSE,FALSE,Male
605,900,897,FALSE,FALSE,Male
612,2169,2170,FALSE,TRUE,Male
620,2220,2221,FALSE,FALSE,Male
629,2398,2395,FALSE,TRUE,Male
631,629,630,TRUE,FALSE,Male
633,629,630,FALSE,TRUE,Male
634,629,630,FALSE,FALSE,Male
635,629,630,FALSE,FALSE,Male
636,629,630,FALSE,FALSE,Male
642,2247,2248,FALSE,FALSE,Male
666,2082,2098,FALSE,TRUE,Male
673,2804,2803,FALSE,FALSE,Male
674,714,2299,FALSE,FALSE,Male
678,30,447,FALSE,FALSE,Male
681,683,303,FALSE,FALSE,Male
682,9999,9999,TRUE,FALSE,Male
683,2082,2355,FALSE,FALSE,Male
692,302,296,FALSE,TRUE,Male
693,302,296,FALSE,TRUE,Male
697,2082,2079,FALSE,TRUE,Male
698,2145,2142,FALSE,FALSE,Male
708,30,447,TRUE,FALSE,Male
709,2064,2061,TRUE,FALSE,Male
710,9999,9999,TRUE,TRUE,Male
711,710,969,FALSE,FALSE,Male
714,9999,9999,FALSE,FALSE,Male
719,258,376,TRUE,FALSE,Male
720,136,137,FALSE,FALSE,Male
727,642,725,FALSE,FALSE,Male
731,2437,2440,FALSE,FALSE,Male
732,731,730,FALSE,FALSE,Male
733,44,730,FALSE,FALSE,Male
734,44,730,FALSE,FALSE,Male
735,44,730,FALSE,FALSE,Male
736,44,730,FALSE,FALSE,Male
738,44,676,FALSE,FALSE,Male
739,44,676,FALSE,FALSE,Male
740,44,676,FALSE,FALSE,Male
742,44,676,FALSE,FALSE,Male
743,44,676,FALSE,FALSE,Male
745,2447,2448,FALSE,FALSE,Male
747,539,744,FALSE,FALSE,Male
748,539,744,FALSE,FALSE,Male
751,754,552,FALSE,FALSE,Male
752,754,552,FALSE,FALSE,Male
753,754,552,FALSE,FALSE,Male
754,9999,9999,FALSE,FALSE,Male
755,405,760,FALSE,FALSE,Male
759,2451,2452,FALSE,FALSE,Male
761,2456,2460,FALSE,FALSE,Male
762,2788,2789,FALSE,FALSE,Male
766,405,760,FALSE,FALSE,Male
767,405,760,FALSE,FALSE,Male
771,405,760,FALSE,FALSE,Male
774,2461,2462,FALSE,FALSE,Male
775,405,773,FALSE,FALSE,Male
778,405,776,FALSE,FALSE,Male
780,405,776,FALSE,FALSE,Male
782,405,777,FALSE,FALSE,Male
784,785,2473,FALSE,FALSE,Male
785,2472,2476,FALSE,FALSE,Male
788,784,153,FALSE,FALSE,Male
789,784,153,FALSE,FALSE,Male
790,2151,2148,FALSE,FALSE,Male
792,2478,2479,FALSE,FALSE,Male
794,2483,2486,FALSE,FALSE,Male
795,2496,2797,FALSE,FALSE,Male
797,2795,2794,FALSE,FALSE,Male
798,302,670,FALSE,FALSE,Male
799,302,670,FALSE,FALSE,Male
800,302,670,FALSE,FALSE,Male
801,302,670,FALSE,FALSE,Male
802,302,670,FALSE,FALSE,Male
803,302,670,FALSE,FALSE,Male
805,302,670,FALSE,FALSE,Male
806,302,670,FALSE,FALSE,Male
808,302,529,FALSE,FALSE,Male
809,302,529,FALSE,FALSE,Male
811,302,529,FALSE,FALSE,Male
813,2494,2495,FALSE,FALSE,Male
814,808,812,FALSE,FALSE,Male
815,816,2501,FALSE,FALSE,Male
816,2499,2500,FALSE,FALSE,Male
818,2510,2513,FALSE,FALSE,Male
819,818,522,FALSE,FALSE,Male
820,2516,2519,FALSE,FALSE,Male
821,818,522,FALSE,FALSE,Male
824,501,522,FALSE,FALSE,Male
826,501,825,FALSE,FALSE,Male
829,501,828,FALSE,FALSE,Male
830,501,828,FALSE,FALSE,Male
831,2259,2260,FALSE,FALSE,Male
832,831,712,FALSE,FALSE,Male
834,831,712,FALSE,FALSE,Male
835,831,712,FALSE,FALSE,Male
837,2504,2507,FALSE,FALSE,Male
839,837,838,FALSE,FALSE,Male
840,837,838,FALSE,FALSE,Male
841,837,838,FALSE,FALSE,Male
842,837,838,FALSE,FALSE,Male
843,2554,2555,FALSE,FALSE,Male
844,843,838,FALSE,FALSE,Male
848,2565,2568,FALSE,FALSE,Male
849,2557,2558,FALSE,FALSE,Male
850,849,847,FALSE,FALSE,Male
851,849,847,FALSE,FALSE,Male
852,848,847,FALSE,FALSE,Male
859,504,853,FALSE,FALSE,Male
860,504,853,FALSE,FALSE,Male
861,504,853,FALSE,FALSE,Male
862,504,853,FALSE,FALSE,Male
863,2288,2291,FALSE,TRUE,Male
865,863,864,FALSE,FALSE,Male
871,483,484,FALSE,FALSE,Male
875,483,484,FALSE,FALSE,Male
879,880,2602,FALSE,FALSE,Male
880,2601,2602,FALSE,FALSE,Male
881,2606,2609,FALSE,FALSE,Male
882,2606,2609,FALSE,FALSE,Male
884,2616,2619,FALSE,FALSE,Male
886,884,883,FALSE,FALSE,Male
889,881,888,FALSE,FALSE,Male
890,881,888,FALSE,FALSE,Male
892,881,888,FALSE,FALSE,Male
895,896,894,FALSE,FALSE,Male
896,2635,2638,FALSE,FALSE,Male
899,2641,2644,FALSE,FALSE,Male
900,2647,2650,FALSE,FALSE,Male
902,497,897,FALSE,FALSE,Male
903,497,897,FALSE,FALSE,Male
904,497,897,FALSE,FALSE,Male
906,492,513,FALSE,FALSE,Male
907,492,513,FALSE,FALSE,Male
908,492,513,FALSE,FALSE,Male
913,494,493,FALSE,FALSE,Male
914,494,493,FALSE,FALSE,Male
916,494,493,FALSE,FALSE,Male
917,494,493,FALSE,FALSE,Male
923,494,920,FALSE,FALSE,Male
929,494,920,FALSE,FALSE,Male
930,494,920,FALSE,FALSE,Male
932,2679,2680,FALSE,FALSE,Male
935,511,514,FALSE,FALSE,Male
936,511,514,FALSE,FALSE,Male
941,808,812,FALSE,FALSE,Male
943,2705,2706,FALSE,FALSE,Male
944,62,63,FALSE,FALSE,Male
947,2715,2718,FALSE,FALSE,Male
948,947,945,FALSE,FALSE,Male
949,947,945,FALSE,FALSE,Male
951,2721,2722,FALSE,FALSE,Male
957,2724,2725,FALSE,FALSE,Male
959,199,206,FALSE,FALSE,Male
960,201,86,FALSE,FALSE,Male
961,201,86,FALSE,FALSE,Male
964,2145,2142,FALSE,FALSE,Male
972,217,954,FALSE,FALSE,Male
974,2606,2609,FALSE,FALSE,Male
975,976,954,FALSE,FALSE,Male
976,2753,2756,FALSE,FALSE,Male
978,2759,2760,FALSE,FALSE,Male
979,2764,2767,FALSE,FALSE,Male
981,267,268,FALSE,FALSE,Male
982,2772,2771,FALSE,FALSE,Male
986,305,306,FALSE,FALSE,Male
987,305,309,FALSE,FALSE,Male
988,305,313,FALSE,FALSE,Male
990,305,953,FALSE,FALSE,Male
991,993,950,FALSE,FALSE,Male
992,993,950,FALSE,FALSE,Male
993,2805,2806,FALSE,FALSE,Male
994,21,26,FALSE,FALSE,Male
995,21,996,FALSE,FALSE,Male
998,40,39,FALSE,FALSE,Male
1003,83,102,FALSE,FALSE,Male
1004,1,8,FALSE,TRUE,Male
1005,2783,2784,FALSE,FALSE,Male
1009,324,326,FALSE,TRUE,Male
1010,634,346,FALSE,FALSE,Male
2002,2039,2040,FALSE,FALSE,Male
2004,2005,2006,FALSE,FALSE,Male
2005,2365,2367,FALSE,FALSE,Male
2008,9999,9999,FALSE,FALSE,Male
2010,2011,2012,FALSE,FALSE,Male
2011,9999,9999,FALSE,FALSE,Male
2014,2409,2410,FALSE,FALSE,Male
2017,9999,9999,FALSE,FALSE,Male
2020,9999,9999,FALSE,FALSE,Male
2022,2023,2024,FALSE,FALSE,Male
2023,9999,9999,FALSE,FALSE,Male
2026,9999,9999,FALSE,FALSE,Male
2028,2029,2030,FALSE,FALSE,Male
2029,9999,9999,FALSE,FALSE,Male
2032,9999,9999,FALSE,FALSE,Male
2034,2035,2036,FALSE,FALSE,Male
2035,9999,9999,FALSE,FALSE,Male
2037,9999,9999,FALSE,FALSE,Male
2039,9999,9999,FALSE,FALSE,Male
2042,2043,2662,FALSE,FALSE,Male
2043,9999,9999,FALSE,FALSE,Male
2045,9999,9999,FALSE,FALSE,Male
2052,9999,9999,FALSE,FALSE,Male
2054,2055,2056,FALSE,FALSE,Male
2055,9999,9999,FALSE,FALSE,Male
2057,2055,2056,FALSE,TRUE,Male
2062,9999,9999,TRUE,FALSE,Male
2064,2065,2066,TRUE,FALSE,Male
2065,9999,9999,TRUE,FALSE,Male
2068,9999,9999,FALSE,FALSE,Male
2070,2071,2072,FALSE,FALSE,Male
2071,9999,9999,FALSE,FALSE,Male
2074,9999,9999,FALSE,FALSE,Male
2076,2077,2078,FALSE,FALSE,Male
2077,9999,9999,FALSE,FALSE,Male
2080,9999,9999,FALSE,FALSE,Male
2082,2083,2084,FALSE,FALSE,Male
2083,9999,9999,FALSE,FALSE,Male
2086,9999,9999,FALSE,FALSE,Male
2089,9999,9999,FALSE,FALSE,Male
2091,2092,2093,FALSE,FALSE,Male
2092,9999,9999,FALSE,FALSE,Male
2095,9999,9999,FALSE,FALSE,Male
2100,9999,9999,FALSE,FALSE,Male
2102,2103,2104,FALSE,FALSE,Male
2103,9999,9999,FALSE,FALSE,Male
2106,9999,9999,FALSE,FALSE,Male
2108,2109,2110,FALSE,FALSE,Male
2109,9999,9999,FALSE,FALSE,Male
2112,9999,9999,FALSE,FALSE,Male
2114,2108,2105,FALSE,FALSE,Male
2115,2109,2110,FALSE,FALSE,Male
2117,2115,2116,FALSE,FALSE,Male
2119,9999,9999,FALSE,FALSE,Male
2121,2122,2123,FALSE,FALSE,Male
2122,9999,9999,FALSE,FALSE,Male
2124,2005,2081,FALSE,FALSE,Male
2126,2445,2446,FALSE,FALSE,Male
2128,9999,9999,FALSE,FALSE,Male
2131,2391,2392,FALSE,FALSE,Male
2134,9999,9999,FALSE,FALSE,Male
2137,9999,9999,FALSE,FALSE,Male
2140,2408,2254,FALSE,FALSE,Male
2143,9999,9999,FALSE,FALSE,Male
2145,2146,2147,TRUE,TRUE,Male
2146,9999,9999,FALSE,FALSE,Male
2149,9999,9999,FALSE,FALSE,Male
2151,2152,2153,TRUE,FALSE,Male
2152,9999,9999,FALSE,FALSE,Male
2155,9999,9999,FALSE,FALSE,Male
2157,2158,2159,TRUE,FALSE,Male
2158,9999,9999,FALSE,FALSE,Male
2161,9999,9999,FALSE,FALSE,Male
2163,2164,2165,TRUE,FALSE,Male
2164,9999,9999,FALSE,FALSE,Male
2169,9999,9999,FALSE,FALSE,Male
2172,9999,9999,FALSE,FALSE,Male
2174,2175,2176,TRUE,FALSE,Male
2175,9999,9999,FALSE,FALSE,Male
2178,9999,9999,FALSE,FALSE,Male
2180,2181,2182,TRUE,FALSE,Male
2181,9999,9999,FALSE,FALSE,Male
2186,9999,9999,FALSE,FALSE,Male
2188,2189,2190,FALSE,FALSE,Male
2189,9999,9999,FALSE,FALSE,Male
2192,9999,9999,FALSE,FALSE,Male
2194,2195,2196,FALSE,FALSE,Male
2195,9999,9999,FALSE,FALSE,Male
2198,2469,2470,FALSE,FALSE,Male
2200,2201,2202,FALSE,FALSE,Male
2201,9999,9999,FALSE,FALSE,Male
2204,2205,2206,FALSE,FALSE,Male
2205,9999,9999,FALSE,FALSE,Male
2208,9999,9999,FALSE,FALSE,Male
2210,2211,2212,FALSE,FALSE,Male
2211,9999,9999,FALSE,FALSE,Male
2214,9999,9999,FALSE,FALSE,Male
2217,9999,9999,FALSE,FALSE,Male
2220,9999,9999,FALSE,FALSE,Male
2223,9999,9999,FALSE,FALSE,Male
2226,2590,2591,FALSE,FALSE,Male
2229,2189,2190,FALSE,FALSE,Male
2231,2232,2233,FALSE,FALSE,Male
2232,9999,9999,FALSE,FALSE,Male
2235,9999,9999,FALSE,FALSE,Male
2238,9999,9999,FALSE,FALSE,Male
2240,2241,2242,FALSE,FALSE,Male
2241,9999,9999,FALSE,FALSE,Male
2244,2365,2366,FALSE,FALSE,Male
2247,9999,9999,FALSE,FALSE,Male
2250,9999,9999,FALSE,FALSE,Male
2256,2536,2537,FALSE,FALSE,Male
2259,2538,2539,FALSE,FALSE,Male
2262,9999,9999,FALSE,FALSE,Male
2264,2265,2266,FALSE,FALSE,Male
2265,9999,9999,FALSE,FALSE,Male
2269,2270,2271,FALSE,FALSE,Male
2270,9999,9999,FALSE,FALSE,Male
2273,9999,9999,FALSE,FALSE,Male
2275,2276,2277,FALSE,FALSE,Male
2276,9999,9999,FALSE,FALSE,Male
2279,9999,9999,FALSE,FALSE,Male
2281,2282,2283,FALSE,FALSE,Male
2282,9999,9999,FALSE,FALSE,Male
2288,2508,2290,FALSE,FALSE,Male
2292,9999,9999,FALSE,FALSE,Male
2295,9999,9999,FALSE,FALSE,Male
2301,9999,9999,FALSE,FALSE,Male
2303,2304,2305,FALSE,FALSE,Male
2304,9999,9999,FALSE,FALSE,Male
2307,9999,9999,FALSE,FALSE,Male
2309,2310,2311,FALSE,FALSE,Male
2310,9999,9999,FALSE,FALSE,Male
2313,9999,9999,TRUE,FALSE,Male
2315,2316,2317,FALSE,FALSE,Male
2316,9999,9999,FALSE,FALSE,Male
2319,9999,9999,FALSE,FALSE,Male
2321,2322,2323,FALSE,FALSE,Male
2322,9999,9999,FALSE,FALSE,Male
2325,9999,9999,FALSE,FALSE,Male
2327,620,621,FALSE,FALSE,Male
2330,9999,9999,FALSE,FALSE,Male
2332,2333,2334,FALSE,FALSE,Male
2333,9999,9999,FALSE,FALSE,Male
2336,9999,9999,FALSE,FALSE,Male
2338,2339,2340,FALSE,FALSE,Male
2339,9999,9999,FALSE,FALSE,Male
2342,9999,9999,FALSE,FALSE,Male
2344,2131,2345,FALSE,FALSE,Male
2347,9999,9999,FALSE,FALSE,Male
2349,2350,2351,FALSE,FALSE,Male
2350,9999,9999,FALSE,FALSE,Male
2352,2353,2354,FALSE,FALSE,Male
2353,9999,9999,FALSE,FALSE,Male
2357,9999,9999,FALSE,FALSE,Male
2359,2360,2361,FALSE,FALSE,Male
2360,9999,9999,FALSE,FALSE,Male
2363,9999,9999,FALSE,FALSE,Male
2365,9999,9999,FALSE,FALSE,Male
2369,9999,9999,FALSE,FALSE,Male
2371,2372,2373,FALSE,FALSE,Male
2372,9999,9999,FALSE,FALSE,Male
2375,9999,9999,FALSE,FALSE,Male
2377,2378,2379,FALSE,FALSE,Male
2378,9999,9999,FALSE,FALSE,Male
2381,9999,9999,FALSE,FALSE,Male
2383,2109,2384,FALSE,FALSE,Male
2386,9999,9999,FALSE,FALSE,Male
2388,2389,2390,FALSE,FALSE,Male
2389,9999,9999,FALSE,FALSE,Male
2391,9999,9999,FALSE,FALSE,Male
2393,9999,9999,FALSE,FALSE,Male
2396,9999,9999,FALSE,FALSE,Male
2398,2399,2400,FALSE,FALSE,Male
2399,9999,9999,FALSE,FALSE,Male
2402,9999,9999,FALSE,FALSE,Male
2404,2405,2406,FALSE,FALSE,Male
2405,9999,9999,FALSE,FALSE,Male
2408,2039,2040,FALSE,FALSE,Male
2409,9999,9999,FALSE,FALSE,Male
2411,9999,9999,FALSE,FALSE,Male
2413,2429,2430,FALSE,FALSE,Male
2416,9999,9999,FALSE,FALSE,Male
2417,9999,9999,FALSE,FALSE,Male
2419,9999,9999,FALSE,FALSE,Male
2421,9999,9999,FALSE,FALSE,Male
2422,9999,9999,FALSE,FALSE,Male
2424,9999,9999,FALSE,FALSE,Male
2426,9999,9999,FALSE,FALSE,Male
2427,9999,9999,TRUE,FALSE,Male
2429,9999,9999,FALSE,FALSE,Male
2431,2432,2433,FALSE,FALSE,Male
2432,9999,9999,FALSE,FALSE,Male
2435,9999,9999,FALSE,FALSE,Male
2437,2438,2439,FALSE,FALSE,Male
2438,9999,9999,FALSE,FALSE,Male
2441,9999,9999,FALSE,FALSE,Male
2443,9999,9999,FALSE,FALSE,Male
2445,9999,9999,FALSE,FALSE,Male
2447,9999,9999,FALSE,FALSE,Male
2449,9999,9999,FALSE,FALSE,Male
2451,9999,9999,FALSE,FALSE,Male
2453,9999,9999,FALSE,FALSE,Male
2456,9999,9999,FALSE,FALSE,Male
2458,9999,9999,FALSE,FALSE,Male
2461,9999,9999,FALSE,FALSE,Male
2464,9999,9999,FALSE,FALSE,Male
2466,2467,2468,FALSE,FALSE,Male
2467,9999,9999,FALSE,FALSE,Male
2469,9999,9999,FALSE,FALSE,Male
2472,9999,9999,FALSE,FALSE,Male
2474,9999,9999,FALSE,FALSE,Male
2478,9999,9999,FALSE,FALSE,Male
2481,9999,9999,FALSE,FALSE,Male
2483,2484,2485,FALSE,FALSE,Male
2484,9999,9999,FALSE,FALSE,Male
2487,9999,9999,FALSE,FALSE,Male
2489,2490,2491,FALSE,FALSE,Male
2490,9999,9999,FALSE,FALSE,Male
2494,9999,9999,FALSE,FALSE,Male
2496,9999,9999,FALSE,FALSE,Male
2499,9999,9999,FALSE,FALSE,Male
2502,9999,9999,FALSE,FALSE,Male
2504,2543,2544,FALSE,FALSE,Male
2505,2469,2798,FALSE,FALSE,Male
2508,9999,9999,FALSE,FALSE,Male
2510,2511,2512,FALSE,FALSE,Male
2511,9999,9999,FALSE,FALSE,Male
2514,9999,9999,FALSE,FALSE,Male
2516,2517,2518,FALSE,FALSE,Male
2517,9999,9999,FALSE,FALSE,Male
2520,9999,9999,FALSE,FALSE,Male
2522,2523,2524,FALSE,FALSE,Male
2523,9999,9999,FALSE,FALSE,Male
2526,9999,9999,FALSE,FALSE,Male
2528,2529,2530,FALSE,FALSE,Male
2529,9999,9999,FALSE,FALSE,Male
2532,9999,9999,FALSE,FALSE,Male
2534,9999,9999,FALSE,FALSE,Male
2536,9999,9999,FALSE,FALSE,Male
2538,9999,9999,FALSE,FALSE,Male
2540,9999,9999,FALSE,FALSE,Male
2543,9999,9999,FALSE,FALSE,Male
2548,2549,2550,FALSE,FALSE,Male
2549,9999,9999,FALSE,FALSE,Male
2552,9999,9999,FALSE,FALSE,Male
2554,9999,9999,FALSE,FALSE,Male
2557,9999,9999,FALSE,FALSE,Male
2559,2560,2561,FALSE,FALSE,Male
2560,9999,9999,FALSE,FALSE,Male
2563,9999,9999,FALSE,FALSE,Male
2565,2566,2567,FALSE,FALSE,Male
2566,9999,9999,FALSE,FALSE,Male
2569,9999,9999,FALSE,FALSE,Male
2571,2572,2573,FALSE,FALSE,Male
2572,9999,9999,FALSE,FALSE,Male
2575,9999,9999,FALSE,FALSE,Male
2577,2578,2579,FALSE,FALSE,Male
2578,9999,9999,FALSE,FALSE,Male
2581,9999,9999,FALSE,FALSE,Male
2583,2584,2587,FALSE,FALSE,Male
2584,9999,9999,FALSE,FALSE,Male
2585,2508,2209,FALSE,FALSE,Male
2588,9999,9999,FALSE,FALSE,Male
2590,9999,9999,FALSE,FALSE,Male
2593,9999,9999,FALSE,FALSE,Male
2595,2596,2597,FALSE,FALSE,Male
2596,9999,9999,FALSE,FALSE,Male
2599,9999,9999,FALSE,FALSE,Male
2601,9999,9999,FALSE,FALSE,Male
2604,9999,9999,FALSE,FALSE,Male
2606,2607,2608,FALSE,FALSE,Male
2607,9999,9999,FALSE,FALSE,Male
2610,2611,2612,FALSE,FALSE,Male
2611,9999,9999,FALSE,FALSE,Male
2614,9999,9999,FALSE,FALSE,Male
2616,2617,2618,FALSE,FALSE,Male
2617,9999,9999,FALSE,FALSE,Male
2620,9999,9999,FALSE,FALSE,Male
2623,2624,2625,FALSE,FALSE,Male
2624,9999,9999,FALSE,FALSE,Male
2627,9999,9999,FALSE,FALSE,Male
2629,2630,2631,FALSE,FALSE,Male
2630,9999,9999,FALSE,FALSE,Male
2633,9999,9999,FALSE,FALSE,Male
2635,2637,2636,FALSE,FALSE,Male
2637,9999,9999,FALSE,FALSE,Male
2639,9999,9999,FALSE,FALSE,Male
2641,2642,2643,FALSE,FALSE,Male
2642,9999,9999,FALSE,FALSE,Male
2645,9999,9999,FALSE,FALSE,Male
2647,2648,2649,FALSE,FALSE,Male
2648,9999,9999,FALSE,FALSE,Male
2651,9999,9999,FALSE,FALSE,Male
2653,2654,2655,FALSE,FALSE,Male
2654,9999,9999,FALSE,FALSE,Male
2657,9999,9999,FALSE,FALSE,Male
2660,9999,9999,FALSE,FALSE,Male
2663,2664,2665,FALSE,FALSE,Male
2664,9999,9999,FALSE,FALSE,Male
2667,2043,2662,FALSE,FALSE,Male
2669,2140,2141,FALSE,FALSE,Male
2671,9999,9999,FALSE,FALSE,Male
2673,2674,2675,FALSE,FALSE,Male
2674,9999,9999,FALSE,FALSE,Male
2677,9999,9999,FALSE,FALSE,Male
2679,9999,9999,FALSE,FALSE,Male
2682,9999,9999,FALSE,FALSE,Male
2684,2685,2686,FALSE,FALSE,Male
2685,9999,9999,FALSE,FALSE,Male
2688,9999,9999,FALSE,FALSE,Male
2690,2691,2692,FALSE,FALSE,Male
2691,9999,9999,FALSE,FALSE,Male
2694,9999,9999,FALSE,FALSE,Male
2696,2697,2698,FALSE,FALSE,Male
2697,9999,9999,FALSE,FALSE,Male
2705,9999,9999,FALSE,FALSE,Male
2708,2089,2090,FALSE,FALSE,Male
2710,2711,2712,FALSE,FALSE,Male
2711,9999,9999,FALSE,FALSE,Male
2713,9999,9999,FALSE,FALSE,Male
2715,2716,2717,FALSE,FALSE,Male
2716,9999,9999,FALSE,FALSE,Male
2719,9999,9999,FALSE,FALSE,Male
2721,9999,9999,FALSE,FALSE,Male
2724,9999,9999,FALSE,FALSE,Male
2727,9999,9999,FALSE,FALSE,Male
2729,2508,2290,FALSE,FALSE,Male
2730,2469,2470,FALSE,FALSE,Male
2732,2730,2731,FALSE,FALSE,Male
2734,2469,2470,FALSE,FALSE,Male
2736,9999,9999,FALSE,FALSE,Male
2738,2739,2740,FALSE,FALSE,Male
2739,9999,9999,FALSE,FALSE,Male
2742,9999,9999,FALSE,FALSE,Male
2744,2745,2746,FALSE,FALSE,Male
2745,9999,9999,FALSE,FALSE,Male
2748,9999,9999,FALSE,FALSE,Male
2753,2754,2755,FALSE,FALSE,Male
2754,9999,9999,FALSE,FALSE,Male
2757,9999,9999,FALSE,FALSE,Male
2759,9999,9999,FALSE,FALSE,Male
2762,2054,2770,FALSE,FALSE,Male
2764,2765,2766,FALSE,FALSE,Male
2765,9999,9999,FALSE,FALSE,Male
2768,9999,9999,FALSE,FALSE,Male
2772,9999,9999,FALSE,FALSE,Male
2773,9999,9999,FALSE,FALSE,Male
2775,2773,2774,FALSE,FALSE,Male
2776,2777,2778,FALSE,FALSE,Male
2777,9999,9999,FALSE,FALSE,Male
2781,9999,9999,FALSE,FALSE,Male
2783,9999,9999,FALSE,FALSE,Male
2786,9999,9999,FALSE,FALSE,Male
2788,2467,2468,FALSE,FALSE,Male
2792,2158,2159,FALSE,FALSE,Male
2795,2487,2488,FALSE,FALSE,Male
2796,2487,2488,FALSE,FALSE,Male
2799,2505,2506,FALSE,FALSE,Male
2802,2469,2798,FALSE,FALSE,Male
2804,2802,2801,FALSE,FALSE,Male
2805,9999,9999,FALSE,FALSE,Male
2807,2808,2809,FALSE,FALSE,Male
2808,9999,9999,FALSE,FALSE,Male
2811,9999,9999,FALSE,FALSE,Male
2814,2815,2816,FALSE,FALSE,Male
2815,9999,9999,FALSE,FALSE,Male
2818,9999,9999,FALSE,FALSE,Male
